{"cameraMode":{"drawMode":0,"name":"Shaded","section":"Shading Mode"},"sceneLighting":true,"audioPlay":false,"sceneViewState":{"showFog":true,"showMaterialUpdate":false,"showSkybox":true,"showFlares":true,"showImageEffects":true,"showParticleSystems":true},"in2DMode":false,"pivot":{"x":1.1904360055923463,"y":12.833749771118164,"z":4.104715347290039},"rotation":{"x":-0.0019760781433433296,"y":0.9966610074043274,"z":-0.07789748907089234,"w":-0.025106558576226236},"size":9.850519180297852,"orthographic":false}