{"cameraMode":{"drawMode":0,"name":"Shaded","section":"Shading Mode"},"sceneLighting":true,"audioPlay":false,"sceneViewState":{"showFog":true,"showMaterialUpdate":false,"showSkybox":true,"showFlares":true,"showImageEffects":true,"showParticleSystems":true},"in2DMode":false,"pivot":{"x":4.400758743286133,"y":8.26716136932373,"z":10.064778327941895},"rotation":{"x":0.0028702225536108019,"y":0.9709116220474243,"z":-0.2391424924135208,"w":0.011651216074824334},"size":4.005038261413574,"orthographic":false}