{"cameraMode":{"drawMode":0,"name":"Shaded","section":"Shading Mode"},"sceneLighting":false,"audioPlay":false,"sceneViewState":{"showFog":true,"showMaterialUpdate":false,"showSkybox":false,"showFlares":true,"showImageEffects":true,"showParticleSystems":true},"in2DMode":false,"pivot":{"x":-8.409506797790528,"y":1.891461968421936,"z":4.530586242675781},"rotation":{"x":0.01709103398025036,"y":-0.6501517295837402,"z":0.014630834572017193,"w":0.7594723105430603},"size":0.9914762377738953,"orthographic":false}