{"cameraMode":{"drawMode":0,"name":"Shaded","section":"Shading Mode"},"sceneLighting":false,"audioPlay":false,"sceneViewState":{"showFog":true,"showMaterialUpdate":false,"showSkybox":false,"showFlares":true,"showImageEffects":true,"showParticleSystems":true},"in2DMode":false,"pivot":{"x":-10.135972023010254,"y":0.4491887092590332,"z":4.121935844421387},"rotation":{"x":0.3180876672267914,"y":-0.4941660463809967,"z":0.2005351334810257,"w":0.7838464975357056},"size":2.791476011276245,"orthographic":false}