{"cameraMode":{"drawMode":0,"name":"Shaded","section":"Shading Mode"},"sceneLighting":false,"audioPlay":false,"sceneViewState":{"showFog":true,"showMaterialUpdate":false,"showSkybox":false,"showFlares":true,"showImageEffects":true,"showParticleSystems":true},"in2DMode":false,"pivot":{"x":-12.860000610351563,"y":9.792248725891114,"z":-0.09000110626220703},"rotation":{"x":-0.014188447967171669,"y":0.9789416790008545,"z":-0.1903092861175537,"w":-0.0736418068408966},"size":16.443424224853517,"orthographic":false}