{"cameraMode":{"drawMode":0,"name":"Shaded","section":"Shading Mode"},"sceneLighting":true,"audioPlay":false,"sceneViewState":{"showFog":true,"showMaterialUpdate":false,"showSkybox":true,"showFlares":true,"showImageEffects":true,"showParticleSystems":true},"in2DMode":false,"pivot":{"x":9.832139015197754,"y":-10.007804870605469,"z":-13.122570037841797},"rotation":{"x":0.05064677074551582,"y":0.9414792060852051,"z":-0.2900010049343109,"w":0.16431714594364167},"size":20.303632736206056,"orthographic":false}