{"cameraMode":{"drawMode":0,"name":"Shaded","section":"Shading Mode"},"sceneLighting":true,"audioPlay":false,"sceneViewState":{"showFog":true,"showMaterialUpdate":false,"showSkybox":true,"showFlares":true,"showImageEffects":true,"showParticleSystems":true},"in2DMode":false,"pivot":{"x":4.264256954193115,"y":1.5816078186035157,"z":-5.208779335021973},"rotation":{"x":-0.2453036606311798,"y":0.7545188665390015,"z":-0.4223661720752716,"w":-0.43843939900398257},"size":8.018444061279297,"orthographic":false}