{"cameraMode":{"drawMode":0,"name":"Shaded","section":"Shading Mode"},"sceneLighting":false,"audioPlay":false,"sceneViewState":{"showFog":true,"showMaterialUpdate":false,"showSkybox":false,"showFlares":true,"showImageEffects":true,"showParticleSystems":true},"in2DMode":false,"pivot":{"x":-0.2293339967727661,"y":1.0115220546722413,"z":2.344693422317505},"rotation":{"x":-0.2432319074869156,"y":0.6512653827667236,"z":-0.23294535279273988,"w":-0.6800287961959839},"size":1.246903896331787,"orthographic":false}