{"cameraMode":{"drawMode":0,"name":"Shaded","section":"Shading Mode"},"sceneLighting":false,"audioPlay":false,"sceneViewState":{"showFog":true,"showMaterialUpdate":false,"showSkybox":false,"showFlares":true,"showImageEffects":true,"showParticleSystems":true},"in2DMode":false,"pivot":{"x":8.085773468017579,"y":2.5431644916534426,"z":0.4217829704284668},"rotation":{"x":-0.04031416028738022,"y":0.9298029541969299,"z":-0.3499782681465149,"w":-0.10704848170280457},"size":1.7155652046203614,"orthographic":false}