{"cameraMode":{"drawMode":0,"name":"Shaded","section":"Shading Mode"},"sceneLighting":false,"audioPlay":false,"sceneViewState":{"showFog":true,"showMaterialUpdate":false,"showSkybox":false,"showFlares":true,"showImageEffects":true,"showParticleSystems":true},"in2DMode":false,"pivot":{"x":9.766448974609375,"y":3.1377835273742677,"z":-0.5245392322540283},"rotation":{"x":-0.05318034812808037,"y":0.8906853199005127,"z":-0.438516229391098,"w":-0.10795899480581284},"size":1.7155652046203614,"orthographic":false}