{"cameraMode":{"drawMode":0,"name":"Shaded","section":"Shading Mode"},"sceneLighting":false,"audioPlay":false,"sceneViewState":{"showFog":true,"showMaterialUpdate":false,"showSkybox":false,"showFlares":true,"showImageEffects":true,"showParticleSystems":true},"in2DMode":false,"pivot":{"x":-7.7913055419921879,"y":-6.841445446014404,"z":1.2541704177856446},"rotation":{"x":0.21710388362407685,"y":-0.39554378390312197,"z":0.0967998132109642,"w":0.8871713280677795},"size":11.493658065795899,"orthographic":false}