{"cameraMode":{"drawMode":0,"name":"Shaded","section":"Shading Mode"},"sceneLighting":false,"audioPlay":false,"sceneViewState":{"showFog":true,"showMaterialUpdate":false,"showSkybox":false,"showFlares":true,"showImageEffects":true,"showParticleSystems":true},"in2DMode":false,"pivot":{"x":-0.9722133874893189,"y":1.5007762908935547,"z":6.5788493156433109},"rotation":{"x":-0.5519901514053345,"y":0.08222419768571854,"z":-0.0548311248421669,"w":-0.8279929757118225},"size":3.7498886585235597,"orthographic":false}