{"cameraMode":{"drawMode":0,"name":"Shaded","section":"Shading Mode"},"sceneLighting":false,"audioPlay":false,"sceneViewState":{"showFog":true,"showMaterialUpdate":false,"showSkybox":false,"showFlares":true,"showImageEffects":true,"showParticleSystems":true},"in2DMode":false,"pivot":{"x":9.169855117797852,"y":0.4638662338256836,"z":-1.5298171043395997},"rotation":{"x":0.015561627224087716,"y":0.9056755900382996,"z":-0.4225092828273773,"w":0.03341325744986534},"size":2.70739483833313,"orthographic":false}