{"cameraMode":{"drawMode":0,"name":"Shaded","section":"Shading Mode"},"sceneLighting":false,"audioPlay":false,"sceneViewState":{"showFog":true,"showMaterialUpdate":false,"showSkybox":false,"showFlares":true,"showImageEffects":true,"showParticleSystems":true},"in2DMode":false,"pivot":{"x":-2.1195812225341799,"y":-0.037065982818603519,"z":-10.642921447753907},"rotation":{"x":-0.07680089771747589,"y":0.7740864753723145,"z":-0.09568177163600922,"w":-0.6211034655570984},"size":6.131798267364502,"orthographic":false}