{"cameraMode":{"drawMode":0,"name":"Shaded","section":"Shading Mode"},"sceneLighting":true,"audioPlay":false,"sceneViewState":{"showFog":true,"showMaterialUpdate":false,"showSkybox":true,"showFlares":true,"showImageEffects":true,"showParticleSystems":true},"in2DMode":false,"pivot":{"x":11.573308944702149,"y":3.9628171920776369,"z":9.456632614135743},"rotation":{"x":0.019161976873874666,"y":0.9569610357284546,"z":-0.282248854637146,"w":0.06498397141695023},"size":13.939277648925782,"orthographic":false}