{"cameraMode":{"drawMode":0,"name":"Shaded","section":"Shading Mode"},"sceneLighting":false,"audioPlay":false,"sceneViewState":{"showFog":true,"showMaterialUpdate":false,"showSkybox":false,"showFlares":true,"showImageEffects":true,"showParticleSystems":true},"in2DMode":false,"pivot":{"x":9.359939575195313,"y":0.421525239944458,"z":-1.0500328540802003},"rotation":{"x":0.048705246299505237,"y":0.8345365524291992,"z":-0.5437874794006348,"w":0.0747910887002945},"size":2.7590601444244386,"orthographic":false}