{"cameraMode":{"drawMode":0,"name":"Shaded","section":"Shading Mode"},"sceneLighting":true,"audioPlay":false,"sceneViewState":{"showFog":true,"showMaterialUpdate":false,"showSkybox":true,"showFlares":true,"showImageEffects":true,"showParticleSystems":true},"in2DMode":false,"pivot":{"x":9.278156280517579,"y":11.71895980834961,"z":-1.3384838104248047},"rotation":{"x":0.0014459824888035656,"y":0.9877792596817017,"z":-0.1556701511144638,"w":0.009188196621835232},"size":14.79439926147461,"orthographic":false}