{"cameraMode":{"drawMode":0,"name":"Shaded","section":"Shading Mode"},"sceneLighting":false,"audioPlay":false,"sceneViewState":{"showFog":true,"showMaterialUpdate":false,"showSkybox":false,"showFlares":true,"showImageEffects":true,"showParticleSystems":true},"in2DMode":false,"pivot":{"x":18.841678619384767,"y":3.5772175788879396,"z":-1.7309353351593018},"rotation":{"x":0.11752543598413468,"y":0.6689810752868652,"z":-0.1082974299788475,"w":0.7259150743484497},"size":7.477091312408447,"orthographic":false}