{"cameraMode":{"drawMode":0,"name":"Shaded","section":"Shading Mode"},"sceneLighting":false,"audioPlay":false,"sceneViewState":{"showFog":true,"showMaterialUpdate":false,"showSkybox":false,"showFlares":true,"showImageEffects":true,"showParticleSystems":true},"in2DMode":false,"pivot":{"x":0.1699981689453125,"y":1.4900016784667969,"z":1.0800000429153443},"rotation":{"x":-0.0022287117317318918,"y":0.9332330822944641,"z":-0.359285444021225,"w":-0.00590140325948596},"size":70.71067810058594,"orthographic":false}